date,description,category,type,amount
2026-04-05,Daily Counter Sales & UPI (Shree Ganesh Kirana & General Store),sales,inflow,21673.12
2026-04-05,Monthly Commercial Shop Rent - Landlord Sharma,rent,outflow,22000.0
2026-04-05,Shop packaging material & daily sundries,other,outflow,547.53
2026-04-06,Daily Counter Sales & UPI (Shree Ganesh Kirana & General Store),sales,inflow,9785.69
2026-04-07,Daily Counter Sales & UPI (Shree Ganesh Kirana & General Store),sales,inflow,13413.6
2026-04-07,Staff Wages & Helper Salaries (Ramesh & Suresh),salary,outflow,16000.0
2026-04-07,Stock Purchase - Balaji FMCG Wholesalers,supplier,outflow,35843.59
2026-04-08,Daily Counter Sales & UPI (Shree Ganesh Kirana & General Store),sales,inflow,8254.26
2026-04-08,Shop packaging material & daily sundries,other,outflow,509.39
2026-04-09,Daily Counter Sales & UPI (Shree Ganesh Kirana & General Store),sales,inflow,12816.15
2026-04-10,Daily Counter Sales & UPI (Shree Ganesh Kirana & General Store),sales,inflow,13728.16
2026-04-10,Stock Purchase - Kisan Oil & Spices Supply,supplier,outflow,32026.5
2026-04-10,Shop packaging material & daily sundries,other,outflow,830.34
2026-04-11,Daily Counter Sales & UPI (Shree Ganesh Kirana & General Store),sales,inflow,23713.17
2026-04-11,Shop packaging material & daily sundries,other,outflow,1025.24
2026-04-12,Daily Counter Sales & UPI (Shree Ganesh Kirana & General Store),sales,inflow,22377.67
2026-04-13,Daily Counter Sales & UPI (Shree Ganesh Kirana & General Store),sales,inflow,9243.84
2026-04-14,Daily Counter Sales & UPI (Shree Ganesh Kirana & General Store),sales,inflow,10692.76
2026-04-14,Stock Purchase - Balaji FMCG Wholesalers,supplier,outflow,19854.92
2026-04-15,Daily Counter Sales & UPI (Shree Ganesh Kirana & General Store),sales,inflow,10751.65
2026-04-15,State Electricity Board Commercial Bill,utilities,outflow,3887.75
2026-04-15,Shop packaging material & daily sundries,other,outflow,713.48
2026-04-16,Daily Counter Sales & UPI (Shree Ganesh Kirana & General Store),sales,inflow,8998.61
2026-04-17,Daily Counter Sales & UPI (Shree Ganesh Kirana & General Store),sales,inflow,8630.4
2026-04-17,Stock Purchase - Metro Dairy & Beverage Distributors,supplier,outflow,23863.57
2026-04-18,Daily Counter Sales & UPI (Shree Ganesh Kirana & General Store),sales,inflow,22454.86
2026-04-18,Shop packaging material & daily sundries,other,outflow,505.11
2026-04-19,Daily Counter Sales & UPI (Shree Ganesh Kirana & General Store),sales,inflow,17472.66
2026-04-19,Shop packaging material & daily sundries,other,outflow,509.51
2026-04-20,Daily Counter Sales & UPI (Shree Ganesh Kirana & General Store),sales,inflow,8808.01
2026-04-21,Daily Counter Sales & UPI (Shree Ganesh Kirana & General Store),sales,inflow,13085.48
2026-04-21,Stock Purchase - Metro Dairy & Beverage Distributors,supplier,outflow,25296.64
2026-04-22,Daily Counter Sales & UPI (Shree Ganesh Kirana & General Store),sales,inflow,13361.4
2026-04-23,Daily Counter Sales & UPI (Shree Ganesh Kirana & General Store),sales,inflow,13468.38
2026-04-23,Shop packaging material & daily sundries,other,outflow,871.48
2026-04-24,Daily Counter Sales & UPI (Shree Ganesh Kirana & General Store),sales,inflow,12273.12
2026-04-24,Stock Purchase - Kisan Oil & Spices Supply,supplier,outflow,22896.22
2026-04-25,Daily Counter Sales & UPI (Shree Ganesh Kirana & General Store),sales,inflow,25874.28
2026-04-26,Daily Counter Sales & UPI (Shree Ganesh Kirana & General Store),sales,inflow,20683.4
2026-04-27,Daily Counter Sales & UPI (Shree Ganesh Kirana & General Store),sales,inflow,14742.82
2026-04-28,Daily Counter Sales & UPI (Shree Ganesh Kirana & General Store),sales,inflow,11307.24
2026-04-28,Stock Purchase - Metro Dairy & Beverage Distributors,supplier,outflow,18642.0
2026-04-29,Daily Counter Sales & UPI (Shree Ganesh Kirana & General Store),sales,inflow,9808.94
2026-04-30,Daily Counter Sales & UPI (Shree Ganesh Kirana & General Store),sales,inflow,14418.06
2026-05-01,Daily Counter Sales & UPI (Shree Ganesh Kirana & General Store),sales,inflow,11156.16
2026-05-01,Stock Purchase - Kisan Oil & Spices Supply,supplier,outflow,27984.63
2026-05-01,Shop packaging material & daily sundries,other,outflow,425.67
2026-05-02,Daily Counter Sales & UPI (Shree Ganesh Kirana & General Store),sales,inflow,26380.85
2026-05-03,Daily Counter Sales & UPI (Shree Ganesh Kirana & General Store),sales,inflow,26408.79
2026-05-04,Daily Counter Sales & UPI (Shree Ganesh Kirana & General Store),sales,inflow,12668.26
2026-05-05,Daily Counter Sales & UPI (Shree Ganesh Kirana & General Store),sales,inflow,15978.61
2026-05-05,Monthly Commercial Shop Rent - Landlord Sharma,rent,outflow,22000.0
2026-05-05,Stock Purchase - Kisan Oil & Spices Supply,supplier,outflow,20766.63
2026-05-05,Shop packaging material & daily sundries,other,outflow,342.4
2026-05-06,Daily Counter Sales & UPI (Shree Ganesh Kirana & General Store),sales,inflow,8877.19
2026-05-07,Daily Counter Sales & UPI (Shree Ganesh Kirana & General Store),sales,inflow,14336.63
2026-05-07,Staff Wages & Helper Salaries (Ramesh & Suresh),salary,outflow,16000.0
2026-05-08,Daily Counter Sales & UPI (Shree Ganesh Kirana & General Store),sales,inflow,8508.22
2026-05-08,Stock Purchase - Kisan Oil & Spices Supply,supplier,outflow,25632.39
2026-05-09,Daily Counter Sales & UPI (Shree Ganesh Kirana & General Store),sales,inflow,25652.94
2026-05-10,Daily Counter Sales & UPI (Shree Ganesh Kirana & General Store),sales,inflow,14137.77
2026-05-11,Daily Counter Sales & UPI (Shree Ganesh Kirana & General Store),sales,inflow,13453.68
2026-05-12,Daily Counter Sales & UPI (Shree Ganesh Kirana & General Store),sales,inflow,10134.6
2026-05-12,Stock Purchase - Balaji FMCG Wholesalers,supplier,outflow,30819.24
2026-05-13,Daily Counter Sales & UPI (Shree Ganesh Kirana & General Store),sales,inflow,9265.26
2026-05-13,Shop packaging material & daily sundries,other,outflow,949.88
2026-05-14,Daily Counter Sales & UPI (Shree Ganesh Kirana & General Store),sales,inflow,13757.45
2026-05-15,Daily Counter Sales & UPI (Shree Ganesh Kirana & General Store),sales,inflow,14095.7
2026-05-15,State Electricity Board Commercial Bill,utilities,outflow,4519.97
2026-05-15,Stock Purchase - Metro Dairy & Beverage Distributors,supplier,outflow,20128.22
2026-05-16,Daily Counter Sales & UPI (Shree Ganesh Kirana & General Store),sales,inflow,20091.95
2026-05-16,Shop packaging material & daily sundries,other,outflow,636.52
2026-05-17,Daily Counter Sales & UPI (Shree Ganesh Kirana & General Store),sales,inflow,15938.59
2026-05-18,Daily Counter Sales & UPI (Shree Ganesh Kirana & General Store),sales,inflow,15379.47
2026-05-19,Daily Counter Sales & UPI (Shree Ganesh Kirana & General Store),sales,inflow,12791.56
2026-05-19,Stock Purchase - Balaji FMCG Wholesalers,supplier,outflow,27772.11
2026-05-20,Daily Counter Sales & UPI (Shree Ganesh Kirana & General Store),sales,inflow,15029.78
2026-05-21,Daily Counter Sales & UPI (Shree Ganesh Kirana & General Store),sales,inflow,10460.11
2026-05-21,Shop packaging material & daily sundries,other,outflow,1090.21
2026-05-22,Daily Counter Sales & UPI (Shree Ganesh Kirana & General Store),sales,inflow,15575.6
2026-05-22,Stock Purchase - Kisan Oil & Spices Supply,supplier,outflow,19713.07
2026-05-23,Daily Counter Sales & UPI (Shree Ganesh Kirana & General Store),sales,inflow,25735.81
2026-05-24,Daily Counter Sales & UPI (Shree Ganesh Kirana & General Store),sales,inflow,15509.13
2026-05-25,Daily Counter Sales & UPI (Shree Ganesh Kirana & General Store),sales,inflow,15574.79
2026-05-25,Shop packaging material & daily sundries,other,outflow,774.91
2026-05-26,Daily Counter Sales & UPI (Shree Ganesh Kirana & General Store),sales,inflow,12852.75
2026-05-26,Stock Purchase - National Grains & Pulses Trader,supplier,outflow,37287.26
2026-05-27,Daily Counter Sales & UPI (Shree Ganesh Kirana & General Store),sales,inflow,11191.94
2026-05-28,Daily Counter Sales & UPI (Shree Ganesh Kirana & General Store),sales,inflow,12635.47
2026-05-29,Daily Counter Sales & UPI (Shree Ganesh Kirana & General Store),sales,inflow,13353.67
2026-05-29,Stock Purchase - Balaji FMCG Wholesalers,supplier,outflow,22958.11
2026-05-30,Daily Counter Sales & UPI (Shree Ganesh Kirana & General Store),sales,inflow,24218.66
2026-05-30,Shop packaging material & daily sundries,other,outflow,498.2
2026-05-31,Daily Counter Sales & UPI (Shree Ganesh Kirana & General Store),sales,inflow,14851.92
2026-06-01,Daily Counter Sales & UPI (Shree Ganesh Kirana & General Store),sales,inflow,11306.26
2026-06-02,Daily Counter Sales & UPI (Shree Ganesh Kirana & General Store),sales,inflow,17108.65
2026-06-02,Stock Purchase - National Grains & Pulses Trader,supplier,outflow,19417.15
2026-06-03,Daily Counter Sales & UPI (Shree Ganesh Kirana & General Store),sales,inflow,13665.81
2026-06-04,Daily Counter Sales & UPI (Shree Ganesh Kirana & General Store),sales,inflow,13786.82
2026-06-05,Daily Counter Sales & UPI (Shree Ganesh Kirana & General Store),sales,inflow,12609.69
2026-06-05,Monthly Commercial Shop Rent - Landlord Sharma,rent,outflow,22000.0
2026-06-05,Stock Purchase - Kisan Oil & Spices Supply,supplier,outflow,22859.94
2026-06-06,Daily Counter Sales & UPI (Shree Ganesh Kirana & General Store),sales,inflow,16284.92
2026-06-06,Shop packaging material & daily sundries,other,outflow,687.95
2026-06-07,Daily Counter Sales & UPI (Shree Ganesh Kirana & General Store),sales,inflow,19082.94
2026-06-07,Staff Wages & Helper Salaries (Ramesh & Suresh),salary,outflow,16000.0
2026-06-08,Daily Counter Sales & UPI (Shree Ganesh Kirana & General Store),sales,inflow,13832.61
2026-06-09,Daily Counter Sales & UPI (Shree Ganesh Kirana & General Store),sales,inflow,15873.32
2026-06-09,Stock Purchase - Kisan Oil & Spices Supply,supplier,outflow,19968.36
2026-06-10,Daily Counter Sales & UPI (Shree Ganesh Kirana & General Store),sales,inflow,14404.74
2026-06-10,Shop packaging material & daily sundries,other,outflow,472.43
2026-06-11,Daily Counter Sales & UPI (Shree Ganesh Kirana & General Store),sales,inflow,12290.29
2026-06-11,Shop packaging material & daily sundries,other,outflow,465.14
2026-06-12,Daily Counter Sales & UPI (Shree Ganesh Kirana & General Store),sales,inflow,11701.02
2026-06-12,Stock Purchase - Balaji FMCG Wholesalers,supplier,outflow,35489.72
2026-06-13,Daily Counter Sales & UPI (Shree Ganesh Kirana & General Store),sales,inflow,24336.19
2026-06-14,Daily Counter Sales & UPI (Shree Ganesh Kirana & General Store),sales,inflow,14607.06
2026-06-15,Daily Counter Sales & UPI (Shree Ganesh Kirana & General Store),sales,inflow,14688.22
2026-06-15,State Electricity Board Commercial Bill,utilities,outflow,5719.39
2026-06-16,Daily Counter Sales & UPI (Shree Ganesh Kirana & General Store),sales,inflow,14789.57
2026-06-16,Stock Purchase - Kisan Oil & Spices Supply,supplier,outflow,21326.22
2026-06-17,Daily Counter Sales & UPI (Shree Ganesh Kirana & General Store),sales,inflow,14917.2
2026-06-18,Daily Counter Sales & UPI (Shree Ganesh Kirana & General Store),sales,inflow,9317.1
2026-06-18,Shop packaging material & daily sundries,other,outflow,651.38
2026-06-19,Daily Counter Sales & UPI (Shree Ganesh Kirana & General Store),sales,inflow,15412.14
2026-06-19,Stock Purchase - Metro Dairy & Beverage Distributors,supplier,outflow,33702.59
2026-06-20,Daily Counter Sales & UPI (Shree Ganesh Kirana & General Store),sales,inflow,25487.81
2026-06-21,Daily Counter Sales & UPI (Shree Ganesh Kirana & General Store),sales,inflow,20669.22
2026-06-22,Daily Counter Sales & UPI (Shree Ganesh Kirana & General Store),sales,inflow,9238.37
2026-06-23,Daily Counter Sales & UPI (Shree Ganesh Kirana & General Store),sales,inflow,15749.67
2026-06-23,Stock Purchase - Balaji FMCG Wholesalers,supplier,outflow,29583.61
2026-06-24,Daily Counter Sales & UPI (Shree Ganesh Kirana & General Store),sales,inflow,8457.32
2026-06-25,Daily Counter Sales & UPI (Shree Ganesh Kirana & General Store),sales,inflow,12022.8
2026-06-26,Daily Counter Sales & UPI (Shree Ganesh Kirana & General Store),sales,inflow,9259.46
2026-06-26,Stock Purchase - Balaji FMCG Wholesalers,supplier,outflow,37215.58
2026-06-27,Daily Counter Sales & UPI (Shree Ganesh Kirana & General Store),sales,inflow,14822.26
2026-06-27,Shop packaging material & daily sundries,other,outflow,1075.64
2026-06-28,Daily Counter Sales & UPI (Shree Ganesh Kirana & General Store),sales,inflow,21672.1
2026-06-29,Daily Counter Sales & UPI (Shree Ganesh Kirana & General Store),sales,inflow,14441.01
2026-06-30,Daily Counter Sales & UPI (Shree Ganesh Kirana & General Store),sales,inflow,9565.62
2026-06-30,Stock Purchase - Metro Dairy & Beverage Distributors,supplier,outflow,19639.67
2026-07-01,Daily Counter Sales & UPI (Shree Ganesh Kirana & General Store),sales,inflow,11079.18
2026-07-02,Daily Counter Sales & UPI (Shree Ganesh Kirana & General Store),sales,inflow,11395.91
2026-07-03,Daily Counter Sales & UPI (Shree Ganesh Kirana & General Store),sales,inflow,15379.55
2026-07-03,Stock Purchase - Metro Dairy & Beverage Distributors,supplier,outflow,23999.94
2026-07-04,Daily Counter Sales & UPI (Shree Ganesh Kirana & General Store),sales,inflow,25228.81
2026-07-04,Shop packaging material & daily sundries,other,outflow,859.04
2026-07-05,Daily Counter Sales & UPI (Shree Ganesh Kirana & General Store),sales,inflow,20755.92
2026-07-05,Monthly Commercial Shop Rent - Landlord Sharma,rent,outflow,22000.0
2026-07-05,Shop packaging material & daily sundries,other,outflow,783.87
2026-07-06,Daily Counter Sales & UPI (Shree Ganesh Kirana & General Store),sales,inflow,12047.08
2026-07-06,Shop packaging material & daily sundries,other,outflow,614.11
2026-07-07,Daily Counter Sales & UPI (Shree Ganesh Kirana & General Store),sales,inflow,8550.33
2026-07-07,Staff Wages & Helper Salaries (Ramesh & Suresh),salary,outflow,16000.0
2026-07-07,Stock Purchase - Metro Dairy & Beverage Distributors,supplier,outflow,22885.69
2026-07-07,Shop packaging material & daily sundries,other,outflow,1050.37
2026-07-08,Daily Counter Sales & UPI (Shree Ganesh Kirana & General Store),sales,inflow,13628.32
2026-07-09,Daily Counter Sales & UPI (Shree Ganesh Kirana & General Store),sales,inflow,15897.86
2026-07-10,Daily Counter Sales & UPI (Shree Ganesh Kirana & General Store),sales,inflow,8062.58
2026-07-10,Stock Purchase - Metro Dairy & Beverage Distributors,supplier,outflow,34342.08
2026-07-11,Daily Counter Sales & UPI (Shree Ganesh Kirana & General Store),sales,inflow,15243.04
2026-07-12,Daily Counter Sales & UPI (Shree Ganesh Kirana & General Store),sales,inflow,17173.59
2026-07-13,Daily Counter Sales & UPI (Shree Ganesh Kirana & General Store),sales,inflow,13939.33
2026-07-13,Shop packaging material & daily sundries,other,outflow,553.58
2026-07-14,Daily Counter Sales & UPI (Shree Ganesh Kirana & General Store),sales,inflow,9685.04
2026-07-14,Stock Purchase - Metro Dairy & Beverage Distributors,supplier,outflow,24857.61
2026-07-15,Daily Counter Sales & UPI (Shree Ganesh Kirana & General Store),sales,inflow,10008.97
2026-07-15,State Electricity Board Commercial Bill,utilities,outflow,5561.21
2026-07-15,Shop packaging material & daily sundries,other,outflow,870.86
2026-07-16,Daily Counter Sales & UPI (Shree Ganesh Kirana & General Store),sales,inflow,14634.78
2026-07-16,Shop packaging material & daily sundries,other,outflow,600.2
2026-07-17,Daily Counter Sales & UPI (Shree Ganesh Kirana & General Store),sales,inflow,9046.56
2026-07-17,Stock Purchase - National Grains & Pulses Trader,supplier,outflow,37595.96
2026-07-18,Daily Counter Sales & UPI (Shree Ganesh Kirana & General Store),sales,inflow,20620.17
2026-07-19,Daily Counter Sales & UPI (Shree Ganesh Kirana & General Store),sales,inflow,14116.04
2026-07-19,Shop packaging material & daily sundries,other,outflow,1094.8
2026-07-20,Daily Counter Sales & UPI (Shree Ganesh Kirana & General Store),sales,inflow,15231.43
2026-07-21,Daily Counter Sales & UPI (Shree Ganesh Kirana & General Store),sales,inflow,14676.76
2026-07-21,Stock Purchase - National Grains & Pulses Trader,supplier,outflow,29650.19
2026-07-22,Daily Counter Sales & UPI (Shree Ganesh Kirana & General Store),sales,inflow,8334.63
2026-07-23,Daily Counter Sales & UPI (Shree Ganesh Kirana & General Store),sales,inflow,15464.7
2026-07-24,Daily Counter Sales & UPI (Shree Ganesh Kirana & General Store),sales,inflow,8319.16
2026-07-24,Stock Purchase - National Grains & Pulses Trader,supplier,outflow,25156.18
2026-07-25,Daily Counter Sales & UPI (Shree Ganesh Kirana & General Store),sales,inflow,18244.14
2026-07-26,Daily Counter Sales & UPI (Shree Ganesh Kirana & General Store),sales,inflow,24496.55
2026-07-27,Daily Counter Sales & UPI (Shree Ganesh Kirana & General Store),sales,inflow,13995.82
2026-07-28,Daily Counter Sales & UPI (Shree Ganesh Kirana & General Store),sales,inflow,11377.98
2026-07-28,Stock Purchase - National Grains & Pulses Trader,supplier,outflow,21250.04
2026-07-29,Daily Counter Sales & UPI (Shree Ganesh Kirana & General Store),sales,inflow,9428.03
2026-07-30,Daily Counter Sales & UPI (Shree Ganesh Kirana & General Store),sales,inflow,12256.11
2026-07-31,Daily Counter Sales & UPI (Shree Ganesh Kirana & General Store),sales,inflow,14417.88
2026-07-31,Stock Purchase - National Grains & Pulses Trader,supplier,outflow,35281.28
2026-08-01,Daily Counter Sales & UPI (Shree Ganesh Kirana & General Store),sales,inflow,26965.77
2026-08-01,Shop packaging material & daily sundries,other,outflow,1084.95
2026-08-02,Daily Counter Sales & UPI (Shree Ganesh Kirana & General Store),sales,inflow,27948.59
2026-08-02,Shop packaging material & daily sundries,other,outflow,1034.93
2026-08-03,Daily Counter Sales & UPI (Shree Ganesh Kirana & General Store),sales,inflow,13434.79
2026-08-04,Daily Counter Sales & UPI (Shree Ganesh Kirana & General Store),sales,inflow,14362.76
2026-08-04,Stock Purchase - Balaji FMCG Wholesalers,supplier,outflow,22551.91
2026-08-05,Daily Counter Sales & UPI (Shree Ganesh Kirana & General Store),sales,inflow,11187.73
2026-08-05,Monthly Commercial Shop Rent - Landlord Sharma,rent,outflow,22000.0
2026-08-06,Daily Counter Sales & UPI (Shree Ganesh Kirana & General Store),sales,inflow,8555.37
2026-08-07,Daily Counter Sales & UPI (Shree Ganesh Kirana & General Store),sales,inflow,10809.17
2026-08-07,Staff Wages & Helper Salaries (Ramesh & Suresh),salary,outflow,16000.0
2026-08-07,Stock Purchase - Metro Dairy & Beverage Distributors,supplier,outflow,28188.11
2026-08-08,Daily Counter Sales & UPI (Shree Ganesh Kirana & General Store),sales,inflow,15384.1
2026-08-09,Daily Counter Sales & UPI (Shree Ganesh Kirana & General Store),sales,inflow,16142.81
2026-08-10,Daily Counter Sales & UPI (Shree Ganesh Kirana & General Store),sales,inflow,10123.73
2026-08-10,Shop packaging material & daily sundries,other,outflow,691.11
2026-08-11,Daily Counter Sales & UPI (Shree Ganesh Kirana & General Store),sales,inflow,13828.36
2026-08-11,Stock Purchase - Balaji FMCG Wholesalers,supplier,outflow,24273.55
2026-08-12,Daily Counter Sales & UPI (Shree Ganesh Kirana & General Store),sales,inflow,12612.7
2026-08-13,Daily Counter Sales & UPI (Shree Ganesh Kirana & General Store),sales,inflow,13670.28
2026-08-13,Shop packaging material & daily sundries,other,outflow,1133.02
2026-08-14,Daily Counter Sales & UPI (Shree Ganesh Kirana & General Store),sales,inflow,12307.62
2026-08-14,Stock Purchase - National Grains & Pulses Trader,supplier,outflow,32388.6
2026-08-15,Daily Counter Sales & UPI (Shree Ganesh Kirana & General Store),sales,inflow,14839.69
2026-08-15,State Electricity Board Commercial Bill,utilities,outflow,4927.02
2026-08-16,Daily Counter Sales & UPI (Shree Ganesh Kirana & General Store),sales,inflow,17766.99
2026-08-17,Daily Counter Sales & UPI (Shree Ganesh Kirana & General Store),sales,inflow,13758.03
2026-08-18,Daily Counter Sales & UPI (Shree Ganesh Kirana & General Store),sales,inflow,10474.28
2026-08-18,Stock Purchase - Kisan Oil & Spices Supply,supplier,outflow,26167.86
2026-08-19,Daily Counter Sales & UPI (Shree Ganesh Kirana & General Store),sales,inflow,12435.3
2026-08-19,Shop packaging material & daily sundries,other,outflow,898.44
2026-08-20,Daily Counter Sales & UPI (Shree Ganesh Kirana & General Store),sales,inflow,11033.16
2026-08-21,Daily Counter Sales & UPI (Shree Ganesh Kirana & General Store),sales,inflow,9392.22
2026-08-21,Stock Purchase - Kisan Oil & Spices Supply,supplier,outflow,29382.11
2026-08-22,Daily Counter Sales & UPI (Shree Ganesh Kirana & General Store),sales,inflow,14004.87
2026-08-23,Daily Counter Sales & UPI (Shree Ganesh Kirana & General Store),sales,inflow,19158.66
2026-08-24,Daily Counter Sales & UPI (Shree Ganesh Kirana & General Store),sales,inflow,13237.64
2026-08-25,Daily Counter Sales & UPI (Shree Ganesh Kirana & General Store),sales,inflow,11537.28
2026-08-25,Stock Purchase - Kisan Oil & Spices Supply,supplier,outflow,22274.03
2026-08-26,Daily Counter Sales & UPI (Shree Ganesh Kirana & General Store),sales,inflow,15678.66
2026-08-27,Daily Counter Sales & UPI (Shree Ganesh Kirana & General Store),sales,inflow,13270.81
2026-08-28,Daily Counter Sales & UPI (Shree Ganesh Kirana & General Store),sales,inflow,15307.46
2026-08-28,Stock Purchase - Balaji FMCG Wholesalers,supplier,outflow,30385.22
2026-08-29,Daily Counter Sales & UPI (Shree Ganesh Kirana & General Store),sales,inflow,26465.71
2026-08-30,Daily Counter Sales & UPI (Shree Ganesh Kirana & General Store),sales,inflow,19200.04
2026-08-30,Shop packaging material & daily sundries,other,outflow,321.98
2026-08-31,Daily Counter Sales & UPI (Shree Ganesh Kirana & General Store),sales,inflow,9958.74
2026-09-01,Daily Counter Sales & UPI (Shree Ganesh Kirana & General Store),sales,inflow,17017.59
2026-09-01,Stock Purchase - Kisan Oil & Spices Supply,supplier,outflow,19456.56
2026-09-02,Daily Counter Sales & UPI (Shree Ganesh Kirana & General Store),sales,inflow,14496.17
2026-09-03,Daily Counter Sales & UPI (Shree Ganesh Kirana & General Store),sales,inflow,12732.6
2026-09-04,Daily Counter Sales & UPI (Shree Ganesh Kirana & General Store),sales,inflow,9180.57
2026-09-04,Stock Purchase - Balaji FMCG Wholesalers,supplier,outflow,31752.45
2026-09-05,Daily Counter Sales & UPI (Shree Ganesh Kirana & General Store),sales,inflow,16626.09
2026-09-05,Monthly Commercial Shop Rent - Landlord Sharma,rent,outflow,22000.0
2026-09-06,Daily Counter Sales & UPI (Shree Ganesh Kirana & General Store),sales,inflow,22350.94
2026-09-07,Daily Counter Sales & UPI (Shree Ganesh Kirana & General Store),sales,inflow,12459.25
2026-09-07,Staff Wages & Helper Salaries (Ramesh & Suresh),salary,outflow,16000.0
2026-09-08,Daily Counter Sales & UPI (Shree Ganesh Kirana & General Store),sales,inflow,8970.87
2026-09-08,Stock Purchase - Kisan Oil & Spices Supply,supplier,outflow,20666.78
2026-09-09,Daily Counter Sales & UPI (Shree Ganesh Kirana & General Store),sales,inflow,15903.14
2026-09-10,Daily Counter Sales & UPI (Shree Ganesh Kirana & General Store),sales,inflow,15600.32
2026-09-11,Daily Counter Sales & UPI (Shree Ganesh Kirana & General Store),sales,inflow,12901.22
2026-09-11,Stock Purchase - Kisan Oil & Spices Supply,supplier,outflow,32385.48
2026-09-12,Daily Counter Sales & UPI (Shree Ganesh Kirana & General Store),sales,inflow,20574.46
2026-09-13,Daily Counter Sales & UPI (Shree Ganesh Kirana & General Store),sales,inflow,22923.87
2026-09-14,Daily Counter Sales & UPI (Shree Ganesh Kirana & General Store),sales,inflow,10073.53
2026-09-14,Shop packaging material & daily sundries,other,outflow,873.9
2026-09-15,Daily Counter Sales & UPI (Shree Ganesh Kirana & General Store),sales,inflow,14126.51
2026-09-15,State Electricity Board Commercial Bill,utilities,outflow,4555.38
2026-09-15,Stock Purchase - Metro Dairy & Beverage Distributors,supplier,outflow,30534.97
2026-09-16,Daily Counter Sales & UPI (Shree Ganesh Kirana & General Store),sales,inflow,13708.36
2026-09-16,Shop packaging material & daily sundries,other,outflow,602.26
2026-09-17,Daily Counter Sales & UPI (Shree Ganesh Kirana & General Store),sales,inflow,15144.21
2026-09-17,Shop packaging material & daily sundries,other,outflow,435.75
2026-09-18,Daily Counter Sales & UPI (Shree Ganesh Kirana & General Store),sales,inflow,11064.28
2026-09-18,Stock Purchase - National Grains & Pulses Trader,supplier,outflow,21056.11
2026-09-18,Shop packaging material & daily sundries,other,outflow,666.84
2026-09-19,Daily Counter Sales & UPI (Shree Ganesh Kirana & General Store),sales,inflow,20511.33
2026-09-20,Daily Counter Sales & UPI (Shree Ganesh Kirana & General Store),sales,inflow,16482.01
2026-09-21,Daily Counter Sales & UPI (Shree Ganesh Kirana & General Store),sales,inflow,15238.71
2026-09-22,Daily Counter Sales & UPI (Shree Ganesh Kirana & General Store),sales,inflow,13564.18
2026-09-22,Stock Purchase - Kisan Oil & Spices Supply,supplier,outflow,35134.64
2026-09-23,Daily Counter Sales & UPI (Shree Ganesh Kirana & General Store),sales,inflow,15541.93
2026-09-24,Daily Counter Sales & UPI (Shree Ganesh Kirana & General Store),sales,inflow,11119.89
2026-09-25,Daily Counter Sales & UPI (Shree Ganesh Kirana & General Store),sales,inflow,14685.83
2026-09-25,Stock Purchase - National Grains & Pulses Trader,supplier,outflow,28764.41
2026-09-26,Daily Counter Sales & UPI (Shree Ganesh Kirana & General Store),sales,inflow,17275.22
2026-09-27,Daily Counter Sales & UPI (Shree Ganesh Kirana & General Store),sales,inflow,18666.29
2026-09-28,Daily Counter Sales & UPI (Shree Ganesh Kirana & General Store),sales,inflow,16542.91
2026-09-29,Daily Counter Sales & UPI (Shree Ganesh Kirana & General Store),sales,inflow,16932.65
2026-09-29,Stock Purchase - Balaji FMCG Wholesalers,supplier,outflow,36390.83
2026-09-30,Daily Counter Sales & UPI (Shree Ganesh Kirana & General Store),sales,inflow,14645.41
2026-10-01,Daily Counter Sales & UPI (Shree Ganesh Kirana & General Store),sales,inflow,9972.32
2026-10-02,Daily Counter Sales & UPI (Shree Ganesh Kirana & General Store),sales,inflow,17175.03
2026-10-02,Stock Purchase - Metro Dairy & Beverage Distributors,supplier,outflow,21634.58
